CLUB_NAME,LEADER,TIME,Process Assessment,Public Vote,Influence,Comprehensive Score
ACG,Aileen,3,-0.06462717171048787,0.027841824785245255,0.0031740365145518715,-0.033611310410690744
ø∆—ßøÒ»À,Brain,4,-0.01423541743327527,-0.0077954244216740165,-0.0051578093361467955,-0.027188651191096085
Fusion,Chiever,3,0.07886258914376316,-0.020046400363571235,0.0019837728215949223,0.060799961601786856
